{"accuracy": [0.6122483611106873, 0.8602461218833923], "loss": [1.3191149234771729, 0.43718206882476807], "val_accuracy": [0.8417937755584717, 0.907238781452179], "val_loss": [0.500861406326294, 0.2988675832748413]}